forward,tau_years,rate,raw_mass,normalized_mass,extracted_mean,martingale_rel_error,martingale_pass,negative_density_fraction,min_raw_density,density_nonnegative,call_convexity_pass,mass_pass,date,convexity_issue,tiny_negative_curvature
7680.014386796631,0.0821917808219178,0.0365,0.9939985323056746,0.9999999999999998,7691.619763820628,0.0015111139692587,True,0.0,3.380686625661085e-08,True,True,True,2026-09-02,False,True
7761.099942568005,0.0821917808219178,0.0366,0.9952192129942202,1.0,7769.954160087249,0.0011408457028984,True,0.0,6.539314945653319e-08,True,True,True,2026-09-03,False,True
7727.285668703522,0.0821917808219178,0.0365,0.9949084181775544,1.0,7737.677025215907,0.0013447615317848,True,0.0,8.546793577142805e-08,True,True,True,2026-09-04,False,True
7693.815818174026,0.0821917808219178,0.0364,0.9934846858014348,0.9999999999999996,7706.653764088603,0.0016686058281056,True,0.0,5.6130349077509784e-08,True,True,True,2026-09-08,False,True
7664.092357509036,0.0821917808219178,0.0364,0.992627078911734,1.0,7678.023139086117,0.0018176688024162,True,0.0,6.893604578772838e-08,True,True,True,2026-09-09,False,True
7618.923227446367,0.0821917808219178,0.0362,0.9903299053125582,1.0,7637.101422927376,0.0023859271104772,True,0.0,3.3435506627121096e-08,True,True,True,2026-09-10,False,True
7678.891864143734,0.0821917808219178,0.0362,0.992843379341531,1.0000000000000002,7692.892890824496,0.0018233134322595,True,0.0632911392405063,-7.193283365740408e-08,True,False,True,2026-09-11,True,True
7576.62511889386,0.0821917808219178,0.0362,0.990457575666712,1.0,7594.696383536387,0.0023851337975613,True,0.0,6.543034324816792e-08,True,True,True,2026-09-16,False,True
7785.83389084836,0.0821917808219178,0.0385,0.9944386243475632,1.0,7796.508632655393,0.0013710466928378,True,0.0,2.496652387306955e-07,True,True,True,2026-09-21,False,True
7785.593193945524,0.0821917808219178,0.0387,0.9952429065280524,1.0,7794.861216070064,0.0011904066772647,True,0.0,1.55068176980929e-07,True,True,True,2026-09-22,False,True
7731.417244937146,0.0821917808219178,0.0387,0.9940874798509304,1.0,7742.514409122602,0.0014353337601489,True,0.0,1.8111439862578006e-07,True,True,True,2026-09-23,False,True
7718.898514572089,0.0821917808219178,0.0388,0.9934163721693192,1.0,7731.892454230425,0.0016833929910861,True,0.0,1.0290636764836489e-07,True,True,True,2026-09-24,False,True
7765.917789344352,0.0821917808219178,0.039,0.9948807960378492,0.9999999999999996,7775.894608962999,0.0012846929222372,True,0.0,1.5153530316113965e-07,True,True,True,2026-09-25,False,True
7708.304598617191,0.0821917808219178,0.039,0.9936748793568468,0.9999999999999998,7720.7084444149,0.0016091535614633,True,0.0,1.313318880558926e-07,True,True,True,2026-09-28,False,True
7702.043026999091,0.0821917808219178,0.0388,0.9941638289350658,1.0,7713.195104722327,0.0014479376035869,True,0.0,1.423526150292919e-07,True,True,True,2026-09-29,False,True
7685.644316560256,0.0821917808219178,0.039,0.9932788114510068,1.0,7698.17463119597,0.0016303531779001,True,0.0,1.4821294966861184e-07,True,True,True,2026-09-30,False,True
